store_id,store_name,city,open_date
SAT-0001,Alfamart Sudirman 0,Depok,2022-05-08
SAT-0002,Alfamart Diponegoro 1,Surabaya,2022-09-16
SAT-0003,Alfamart Melati 2,Depok,2022-05-24
SAT-0004,Alfamart Sudirman 3,Tangerang,2022-05-01
SAT-0005,Alfamart Melati 4,Bogor,2021-03-27
SAT-0006,Alfamart Gatot Subroto 5,Bekasi,2022-07-23
SAT-0007,Alfamart Melati 6,Jakarta,2021-09-06
SAT-0008,Alfamart Gatot Subroto 7,Bogor,2021-10-16
SAT-0009,Alfamart Sudirman 8,Surabaya,2021-09-09
SAT-0010,Alfamart Sudirman 9,Bandung,2021-03-20
SAT-0011,Alfamart Sudirman 10,Medan,2022-12-31
SAT-0012,Alfamart Sudirman 11,Bogor,2023-09-23
SAT-0013,Alfamart Pahlawan 12,Depok,2022-05-29
SAT-0014,Alfamart Gatot Subroto 13,Depok,2021-08-09
SAT-0015,Alfamart Gatot Subroto 14,Medan,2021-04-02
SAT-0016,Alfamart Diponegoro 15,Tangerang,2023-03-03
SAT-0017,Alfamart Pahlawan 16,Bekasi,2023-01-11
SAT-0018,Alfamart Pahlawan 17,Bandung,2022-08-07
SAT-0019,Alfamart Melati 18,Bekasi,2022-04-28
SAT-0020,Alfamart Gatot Subroto 19,Bogor,2021-10-09
SAT-0021,Alfamart Diponegoro 20,Medan,2022-07-24
SAT-0022,Alfamart Gatot Subroto 21,Bekasi,2022-01-10
SAT-0023,Alfamart Sudirman 22,Jakarta,2022-06-01
SAT-0024,Alfamart Melati 23,Depok,2022-03-17
SAT-0025,Alfamart Diponegoro 24,Bogor,2022-09-15
SAT-0026,Alfamart Gatot Subroto 25,Semarang,2021-05-13
SAT-0027,Alfamart Diponegoro 26,Semarang,2022-03-07
SAT-0028,Alfamart Sudirman 27,Tangerang,2021-07-27
SAT-0029,Alfamart Gatot Subroto 28,Depok,2023-03-04
SAT-0030,Alfamart Pahlawan 29,Medan,2023-02-07
SAT-0031,Alfamart Diponegoro 30,Bandung,2021-02-04
SAT-0032,Alfamart Diponegoro 31,Depok,2023-02-09
SAT-0033,Alfamart Gatot Subroto 32,Jakarta,2021-07-21
SAT-0034,Alfamart Melati 33,Tangerang,2023-02-16
SAT-0035,Alfamart Diponegoro 34,Malang,2021-04-27
SAT-0036,Alfamart Pahlawan 35,Jakarta,2022-06-06
SAT-0037,Alfamart Pahlawan 36,Medan,2021-08-22
SAT-0038,Alfamart Sudirman 37,Jakarta,2023-01-21
SAT-0039,Alfamart Melati 38,Medan,2021-11-11
SAT-0040,Alfamart Melati 39,Semarang,2023-09-17
SAT-0041,Alfamart Gatot Subroto 40,Malang,2022-02-26
SAT-0042,Alfamart Melati 41,Tangerang,2021-04-22
SAT-0043,Alfamart Pahlawan 42,Bogor,2021-04-06
SAT-0044,Alfamart Melati 43,Tangerang,2021-04-01
SAT-0045,Alfamart Gatot Subroto 44,Bogor,2021-05-30
SAT-0046,Alfamart Gatot Subroto 45,Surabaya,2023-01-15
SAT-0047,Alfamart Sudirman 46,Depok,2022-05-01
SAT-0048,Alfamart Diponegoro 47,Bandung,2022-03-04
SAT-0049,Alfamart Melati 48,Medan,2023-05-23
SAT-0050,Alfamart Pahlawan 49,Jakarta,2023-09-12
SAT-0051,Alfamart Gatot Subroto 50,Bogor,2021-07-20
SAT-0052,Alfamart Sudirman 51,Jakarta,2021-12-26
SAT-0053,Alfamart Melati 52,Semarang,2023-03-07
SAT-0054,Alfamart Pahlawan 53,Tangerang,2022-03-12
SAT-0055,Alfamart Diponegoro 54,Medan,2021-04-25
SAT-0056,Alfamart Diponegoro 55,Bekasi,2022-03-24
SAT-0057,Alfamart Diponegoro 56,Malang,2022-10-01
SAT-0058,Alfamart Sudirman 57,Depok,2022-04-19
SAT-0059,Alfamart Diponegoro 58,Tangerang,2023-08-26
SAT-0060,Alfamart Gatot Subroto 59,Bogor,2022-01-09
SAT-0061,Alfamart Diponegoro 60,Bandung,2022-06-14
SAT-0062,Alfamart Melati 61,Bekasi,2022-03-08
SAT-0063,Alfamart Gatot Subroto 62,Malang,2021-06-12
SAT-0064,Alfamart Gatot Subroto 63,Medan,2023-07-29
SAT-0065,Alfamart Diponegoro 64,Medan,2022-06-16
SAT-0066,Alfamart Gatot Subroto 65,Jakarta,2021-07-25
SAT-0067,Alfamart Diponegoro 66,Malang,2023-08-16
SAT-0068,Alfamart Diponegoro 67,Bekasi,2023-01-07
SAT-0069,Alfamart Gatot Subroto 68,Malang,2022-09-25
SAT-0070,Alfamart Sudirman 69,Bekasi,2021-12-19
SAT-0071,Alfamart Gatot Subroto 70,Bogor,2021-03-06
SAT-0072,Alfamart Diponegoro 71,Tangerang,2021-05-22
SAT-0073,Alfamart Diponegoro 72,Surabaya,2022-08-05
SAT-0074,Alfamart Sudirman 73,Bogor,2021-10-29
SAT-0075,Alfamart Diponegoro 74,Bandung,2023-07-24
SAT-0076,Alfamart Gatot Subroto 75,Surabaya,2022-09-08
SAT-0077,Alfamart Sudirman 76,Bogor,2022-07-26
SAT-0078,Alfamart Diponegoro 77,Bandung,2021-09-14
SAT-0079,Alfamart Sudirman 78,Depok,2022-06-09
SAT-0080,Alfamart Melati 79,Semarang,2021-05-19
SAT-0081,Alfamart Pahlawan 80,Semarang,2022-03-14
SAT-0082,Alfamart Gatot Subroto 81,Depok,2023-03-10
SAT-0083,Alfamart Diponegoro 82,Medan,2023-02-21
SAT-0084,Alfamart Melati 83,Bogor,2022-01-25
SAT-0085,Alfamart Pahlawan 84,Surabaya,2021-01-10
SAT-0086,Alfamart Pahlawan 85,Malang,2023-06-21
SAT-0087,Alfamart Pahlawan 86,Bogor,2022-04-18
SAT-0088,Alfamart Melati 87,Surabaya,2021-02-27
SAT-0089,Alfamart Gatot Subroto 88,Depok,2022-03-18
SAT-0090,Alfamart Pahlawan 89,Bogor,2023-07-11
SAT-0091,Alfamart Gatot Subroto 90,Semarang,2021-09-24
SAT-0092,Alfamart Gatot Subroto 91,Depok,2022-01-03
SAT-0093,Alfamart Pahlawan 92,Bekasi,2021-11-06
SAT-0094,Alfamart Pahlawan 93,Bekasi,2022-03-24
SAT-0095,Alfamart Gatot Subroto 94,Depok,2023-01-11
SAT-0096,Alfamart Gatot Subroto 95,Malang,2023-03-06
SAT-0097,Alfamart Diponegoro 96,Medan,2021-04-26
SAT-0098,Alfamart Diponegoro 97,Bogor,2021-01-18
SAT-0099,Alfamart Melati 98,Bekasi,2023-07-05
SAT-0100,Alfamart Melati 99,Jakarta,2021-12-29
SAT-0101,Alfamart Gatot Subroto 100,Bandung,2022-02-09
SAT-0102,Alfamart Melati 101,Semarang,2022-10-24
SAT-0103,Alfamart Pahlawan 102,Medan,2021-07-26
SAT-0104,Alfamart Pahlawan 103,Bandung,2022-10-30
SAT-0105,Alfamart Gatot Subroto 104,Bogor,2021-09-27
SAT-0106,Alfamart Sudirman 105,Medan,2023-08-31
SAT-0107,Alfamart Sudirman 106,Depok,2021-12-23
SAT-0108,Alfamart Sudirman 107,Bogor,2023-03-28
SAT-0109,Alfamart Melati 108,Depok,2023-02-26
SAT-0110,Alfamart Sudirman 109,Jakarta,2023-07-26
SAT-0111,Alfamart Sudirman 110,Bekasi,2021-08-15
SAT-0112,Alfamart Pahlawan 111,Jakarta,2022-09-21
SAT-0113,Alfamart Sudirman 112,Medan,2021-04-16
SAT-0114,Alfamart Diponegoro 113,Tangerang,2021-08-08
SAT-0115,Alfamart Sudirman 114,Surabaya,2022-05-07
SAT-0116,Alfamart Melati 115,Bogor,2021-02-22
SAT-0117,Alfamart Diponegoro 116,Bekasi,2021-11-12
SAT-0118,Alfamart Melati 117,Bekasi,2021-11-06
SAT-0119,Alfamart Pahlawan 118,Semarang,2023-05-22
SAT-0120,Alfamart Sudirman 119,Tangerang,2021-08-31
SAT-0121,Alfamart Gatot Subroto 120,Surabaya,2021-03-24
SAT-0122,Alfamart Gatot Subroto 121,Medan,2023-06-12
SAT-0123,Alfamart Melati 122,Bekasi,2023-09-22
SAT-0124,Alfamart Melati 123,Jakarta,2023-08-15
SAT-0125,Alfamart Melati 124,Depok,2021-07-19
SAT-0126,Alfamart Pahlawan 125,Tangerang,2022-06-18
SAT-0127,Alfamart Sudirman 126,Medan,2023-02-22
SAT-0128,Alfamart Diponegoro 127,Depok,2023-01-09
SAT-0129,Alfamart Melati 128,Malang,2022-11-11
SAT-0130,Alfamart Diponegoro 129,Depok,2022-10-15
SAT-0131,Alfamart Pahlawan 130,Semarang,2021-12-03
SAT-0132,Alfamart Diponegoro 131,Medan,2021-04-02
SAT-0133,Alfamart Pahlawan 132,Malang,2023-05-10
SAT-0134,Alfamart Melati 133,Jakarta,2021-09-11
SAT-0135,Alfamart Sudirman 134,Depok,2021-06-01
SAT-0136,Alfamart Sudirman 135,Medan,2022-01-16
SAT-0137,Alfamart Diponegoro 136,Medan,2022-07-17
SAT-0138,Alfamart Diponegoro 137,Bandung,2022-07-11
SAT-0139,Alfamart Sudirman 138,Malang,2021-06-13
SAT-0140,Alfamart Sudirman 139,Bandung,2021-01-05
SAT-0141,Alfamart Sudirman 140,Semarang,2022-08-21
SAT-0142,Alfamart Gatot Subroto 141,Bandung,2022-10-18
SAT-0143,Alfamart Pahlawan 142,Medan,2022-10-15
SAT-0144,Alfamart Melati 143,Bekasi,2023-02-14
SAT-0145,Alfamart Diponegoro 144,Malang,2021-02-10
SAT-0146,Alfamart Diponegoro 145,Tangerang,2023-01-06
SAT-0147,Alfamart Gatot Subroto 146,Medan,2022-02-04
SAT-0148,Alfamart Melati 147,Surabaya,2022-07-06
SAT-0149,Alfamart Pahlawan 148,Semarang,2022-09-19
SAT-0150,Alfamart Sudirman 149,Surabaya,2022-11-20
SAT-0151,Alfamart Pahlawan 150,Tangerang,2022-08-01
SAT-0152,Alfamart Melati 151,Malang,2022-01-21
SAT-0153,Alfamart Pahlawan 152,Tangerang,2023-01-19
SAT-0154,Alfamart Diponegoro 153,Bogor,2022-11-11
SAT-0155,Alfamart Gatot Subroto 154,Malang,2021-06-04
SAT-0156,Alfamart Diponegoro 155,Semarang,2023-05-15
SAT-0157,Alfamart Gatot Subroto 156,Bandung,2022-03-21
SAT-0158,Alfamart Pahlawan 157,Tangerang,2021-01-22
SAT-0159,Alfamart Melati 158,Malang,2021-08-08
SAT-0160,Alfamart Diponegoro 159,Bogor,2022-01-01
SAT-0161,Alfamart Diponegoro 160,Semarang,2023-05-10
SAT-0162,Alfamart Diponegoro 161,Depok,2022-03-23
SAT-0163,Alfamart Pahlawan 162,Semarang,2021-07-20
SAT-0164,Alfamart Gatot Subroto 163,Tangerang,2023-03-11
SAT-0165,Alfamart Gatot Subroto 164,Bekasi,2022-02-01
SAT-0166,Alfamart Diponegoro 165,Bandung,2023-03-07
SAT-0167,Alfamart Diponegoro 166,Jakarta,2021-10-07
SAT-0168,Alfamart Gatot Subroto 167,Bandung,2021-05-12
SAT-0169,Alfamart Gatot Subroto 168,Bogor,2023-09-15
SAT-0170,Alfamart Melati 169,Bekasi,2021-04-24
SAT-0171,Alfamart Gatot Subroto 170,Jakarta,2022-03-13
SAT-0172,Alfamart Diponegoro 171,Jakarta,2023-03-27
SAT-0173,Alfamart Gatot Subroto 172,Tangerang,2022-09-03
SAT-0174,Alfamart Pahlawan 173,Tangerang,2022-03-24
SAT-0175,Alfamart Pahlawan 174,Jakarta,2021-08-02
SAT-0176,Alfamart Sudirman 175,Medan,2023-08-26
SAT-0177,Alfamart Gatot Subroto 176,Semarang,2022-06-03
SAT-0178,Alfamart Sudirman 177,Bandung,2022-08-06
SAT-0179,Alfamart Melati 178,Bandung,2023-07-19
SAT-0180,Alfamart Sudirman 179,Bekasi,2023-06-11
SAT-0181,Alfamart Melati 180,Jakarta,2023-05-24
SAT-0182,Alfamart Pahlawan 181,Depok,2023-06-22
SAT-0183,Alfamart Sudirman 182,Semarang,2022-11-03
SAT-0184,Alfamart Pahlawan 183,Tangerang,2021-04-13
SAT-0185,Alfamart Pahlawan 184,Surabaya,2021-05-09
SAT-0186,Alfamart Diponegoro 185,Depok,2023-05-06
SAT-0187,Alfamart Gatot Subroto 186,Bandung,2023-09-18
SAT-0188,Alfamart Gatot Subroto 187,Tangerang,2022-12-02
SAT-0189,Alfamart Pahlawan 188,Semarang,2023-03-12
SAT-0190,Alfamart Melati 189,Semarang,2021-09-07
SAT-0191,Alfamart Diponegoro 190,Malang,2021-08-14
SAT-0192,Alfamart Gatot Subroto 191,Bekasi,2022-11-11
SAT-0193,Alfamart Pahlawan 192,Surabaya,2021-07-24
SAT-0194,Alfamart Melati 193,Depok,2022-01-15
SAT-0195,Alfamart Sudirman 194,Bandung,2022-11-03
SAT-0196,Alfamart Melati 195,Semarang,2022-02-21
SAT-0197,Alfamart Pahlawan 196,Medan,2022-05-13
SAT-0198,Alfamart Pahlawan 197,Medan,2023-07-05
SAT-0199,Alfamart Melati 198,Bogor,2021-03-02
SAT-0200,Alfamart Pahlawan 199,Semarang,2022-10-10
SAT-0201,Alfamart Pahlawan 200,Tangerang,2021-02-01
SAT-0202,Alfamart Diponegoro 201,Bekasi,2023-06-25
SAT-0203,Alfamart Pahlawan 202,Bandung,2023-06-07
SAT-0204,Alfamart Sudirman 203,Tangerang,2023-04-29
SAT-0205,Alfamart Gatot Subroto 204,Malang,2022-03-06
SAT-0206,Alfamart Pahlawan 205,Bandung,2023-03-31
SAT-0207,Alfamart Diponegoro 206,Medan,2021-09-09
SAT-0208,Alfamart Melati 207,Surabaya,2022-05-01
SAT-0209,Alfamart Gatot Subroto 208,Medan,2022-10-16
SAT-0210,Alfamart Gatot Subroto 209,Tangerang,2023-03-04
SAT-0211,Alfamart Diponegoro 210,Bogor,2023-09-10
SAT-0212,Alfamart Melati 211,Medan,2022-02-17
SAT-0213,Alfamart Diponegoro 212,Bogor,2023-08-17
SAT-0214,Alfamart Sudirman 213,Semarang,2023-03-28
SAT-0215,Alfamart Gatot Subroto 214,Malang,2023-05-21
SAT-0216,Alfamart Melati 215,Medan,2022-03-29
SAT-0217,Alfamart Pahlawan 216,Jakarta,2023-07-08
SAT-0218,Alfamart Sudirman 217,Tangerang,2022-02-20
SAT-0219,Alfamart Pahlawan 218,Depok,2023-01-09
SAT-0220,Alfamart Diponegoro 219,Depok,2021-07-01
SAT-0221,Alfamart Gatot Subroto 220,Surabaya,2022-08-05
SAT-0222,Alfamart Gatot Subroto 221,Bekasi,2021-12-06
SAT-0223,Alfamart Pahlawan 222,Bekasi,2021-06-11
SAT-0224,Alfamart Diponegoro 223,Jakarta,2021-06-05
SAT-0225,Alfamart Sudirman 224,Surabaya,2022-01-04
SAT-0226,Alfamart Pahlawan 225,Bekasi,2023-05-10
SAT-0227,Alfamart Diponegoro 226,Surabaya,2023-03-10
SAT-0228,Alfamart Sudirman 227,Bogor,2021-08-06
SAT-0229,Alfamart Pahlawan 228,Jakarta,2022-10-11
SAT-0230,Alfamart Sudirman 229,Depok,2021-12-26
SAT-0231,Alfamart Diponegoro 230,Semarang,2021-10-27
SAT-0232,Alfamart Diponegoro 231,Depok,2021-12-07
SAT-0233,Alfamart Melati 232,Tangerang,2021-09-13
SAT-0234,Alfamart Sudirman 233,Bekasi,2022-03-15
SAT-0235,Alfamart Gatot Subroto 234,Malang,2022-06-18
SAT-0236,Alfamart Pahlawan 235,Bekasi,2022-03-08
SAT-0237,Alfamart Pahlawan 236,Surabaya,2023-02-17
SAT-0238,Alfamart Diponegoro 237,Bekasi,2023-01-02
SAT-0239,Alfamart Melati 238,Semarang,2023-01-27
SAT-0240,Alfamart Pahlawan 239,Jakarta,2021-05-21
SAT-0241,Alfamart Pahlawan 240,Semarang,2022-07-04
SAT-0242,Alfamart Sudirman 241,Jakarta,2022-10-04
SAT-0243,Alfamart Pahlawan 242,Jakarta,2022-11-03
SAT-0244,Alfamart Melati 243,Jakarta,2022-06-20
SAT-0245,Alfamart Melati 244,Medan,2022-08-14
SAT-0246,Alfamart Sudirman 245,Malang,2021-07-22
SAT-0247,Alfamart Melati 246,Depok,2022-10-08
SAT-0248,Alfamart Diponegoro 247,Bandung,2022-08-18
SAT-0249,Alfamart Pahlawan 248,Jakarta,2021-06-22
SAT-0250,Alfamart Diponegoro 249,Medan,2023-02-24
SAT-0251,Alfamart Melati 250,Bekasi,2021-04-01
SAT-0252,Alfamart Gatot Subroto 251,Tangerang,2022-08-01
SAT-0253,Alfamart Pahlawan 252,Bekasi,2023-07-30
SAT-0254,Alfamart Sudirman 253,Depok,2023-01-15
SAT-0255,Alfamart Diponegoro 254,Bekasi,2022-08-05
SAT-0256,Alfamart Pahlawan 255,Surabaya,2023-06-25
SAT-0257,Alfamart Pahlawan 256,Bandung,2022-02-09
SAT-0258,Alfamart Sudirman 257,Jakarta,2023-01-10
SAT-0259,Alfamart Melati 258,Medan,2021-06-26
SAT-0260,Alfamart Diponegoro 259,Bekasi,2021-02-05
SAT-0261,Alfamart Sudirman 260,Malang,2023-09-02
SAT-0262,Alfamart Melati 261,Surabaya,2022-11-29
SAT-0263,Alfamart Diponegoro 262,Bekasi,2022-02-07
SAT-0264,Alfamart Pahlawan 263,Malang,2022-12-27
SAT-0265,Alfamart Melati 264,Depok,2021-05-04
SAT-0266,Alfamart Melati 265,Tangerang,2023-07-09
SAT-0267,Alfamart Pahlawan 266,Surabaya,2021-05-06
SAT-0268,Alfamart Sudirman 267,Surabaya,2023-08-21
SAT-0269,Alfamart Pahlawan 268,Depok,2021-07-30
SAT-0270,Alfamart Pahlawan 269,Bandung,2022-06-16
SAT-0271,Alfamart Sudirman 270,Tangerang,2023-04-04
SAT-0272,Alfamart Diponegoro 271,Tangerang,2022-11-09
SAT-0273,Alfamart Gatot Subroto 272,Depok,2021-08-15
SAT-0274,Alfamart Sudirman 273,Jakarta,2022-06-04
SAT-0275,Alfamart Melati 274,Depok,2023-05-20
SAT-0276,Alfamart Gatot Subroto 275,Medan,2023-09-25
SAT-0277,Alfamart Gatot Subroto 276,Bandung,2022-05-06
SAT-0278,Alfamart Sudirman 277,Malang,2021-03-17
SAT-0279,Alfamart Melati 278,Bandung,2022-12-31
SAT-0280,Alfamart Pahlawan 279,Bandung,2022-09-03
SAT-0281,Alfamart Pahlawan 280,Bogor,2021-09-03
SAT-0282,Alfamart Melati 281,Bogor,2023-03-25
SAT-0283,Alfamart Melati 282,Medan,2021-03-29
SAT-0284,Alfamart Melati 283,Jakarta,2023-06-12
SAT-0285,Alfamart Gatot Subroto 284,Bekasi,2021-12-28
SAT-0286,Alfamart Sudirman 285,Depok,2022-08-01
SAT-0287,Alfamart Pahlawan 286,Depok,2023-04-28
SAT-0288,Alfamart Melati 287,Bandung,2022-10-05
SAT-0289,Alfamart Pahlawan 288,Depok,2021-01-11
SAT-0290,Alfamart Melati 289,Malang,2023-05-18
SAT-0291,Alfamart Sudirman 290,Tangerang,2021-05-31
SAT-0292,Alfamart Sudirman 291,Bandung,2021-05-31
SAT-0293,Alfamart Gatot Subroto 292,Jakarta,2022-09-05
SAT-0294,Alfamart Sudirman 293,Malang,2021-03-15
SAT-0295,Alfamart Pahlawan 294,Malang,2022-08-24
SAT-0296,Alfamart Diponegoro 295,Jakarta,2022-10-26
SAT-0297,Alfamart Sudirman 296,Semarang,2021-06-21
SAT-0298,Alfamart Gatot Subroto 297,Bekasi,2022-06-08
SAT-0299,Alfamart Gatot Subroto 298,Bekasi,2023-09-21
SAT-0300,Alfamart Sudirman 299,Jakarta,2022-06-29
SAT-0301,Alfamart Diponegoro 300,Tangerang,2021-10-01
SAT-0302,Alfamart Gatot Subroto 301,Medan,2021-03-16
SAT-0303,Alfamart Pahlawan 302,Malang,2021-05-02
SAT-0304,Alfamart Pahlawan 303,Jakarta,2022-12-16
SAT-0305,Alfamart Diponegoro 304,Bandung,2023-03-04
SAT-0306,Alfamart Pahlawan 305,Malang,2022-03-23
SAT-0307,Alfamart Gatot Subroto 306,Semarang,2023-03-23
SAT-0308,Alfamart Pahlawan 307,Tangerang,2021-09-03
SAT-0309,Alfamart Sudirman 308,Semarang,2022-11-04
SAT-0310,Alfamart Gatot Subroto 309,Bogor,2022-01-28
SAT-0311,Alfamart Diponegoro 310,Tangerang,2022-10-04
SAT-0312,Alfamart Gatot Subroto 311,Bandung,2022-03-20
SAT-0313,Alfamart Pahlawan 312,Medan,2023-08-14
SAT-0314,Alfamart Sudirman 313,Surabaya,2022-02-02
SAT-0315,Alfamart Sudirman 314,Surabaya,2022-12-04
SAT-0316,Alfamart Sudirman 315,Bandung,2021-02-28
SAT-0317,Alfamart Sudirman 316,Tangerang,2021-04-15
SAT-0318,Alfamart Pahlawan 317,Medan,2023-04-04
SAT-0319,Alfamart Diponegoro 318,Malang,2021-12-21
SAT-0320,Alfamart Diponegoro 319,Semarang,2022-09-01
SAT-0321,Alfamart Sudirman 320,Bandung,2021-04-04
SAT-0322,Alfamart Pahlawan 321,Tangerang,2022-05-10
SAT-0323,Alfamart Gatot Subroto 322,Bogor,2022-07-07
SAT-0324,Alfamart Pahlawan 323,Malang,2021-06-02
SAT-0325,Alfamart Sudirman 324,Bogor,2021-12-22
SAT-0326,Alfamart Gatot Subroto 325,Malang,2022-05-17
SAT-0327,Alfamart Pahlawan 326,Bekasi,2023-07-23
SAT-0328,Alfamart Gatot Subroto 327,Semarang,2021-11-04
SAT-0329,Alfamart Pahlawan 328,Malang,2022-09-06
SAT-0330,Alfamart Sudirman 329,Depok,2022-05-06
SAT-0331,Alfamart Gatot Subroto 330,Depok,2022-07-30
SAT-0332,Alfamart Gatot Subroto 331,Jakarta,2022-02-15
SAT-0333,Alfamart Melati 332,Bekasi,2022-04-20
SAT-0334,Alfamart Sudirman 333,Surabaya,2021-03-18
SAT-0335,Alfamart Diponegoro 334,Depok,2022-07-17
SAT-0336,Alfamart Melati 335,Tangerang,2021-02-05
SAT-0337,Alfamart Melati 336,Bogor,2022-09-15
SAT-0338,Alfamart Diponegoro 337,Bekasi,2023-06-06
SAT-0339,Alfamart Melati 338,Bogor,2022-08-31
SAT-0340,Alfamart Melati 339,Bandung,2021-09-29
SAT-0341,Alfamart Pahlawan 340,Bogor,2021-12-22
SAT-0342,Alfamart Sudirman 341,Jakarta,2021-03-16
SAT-0343,Alfamart Gatot Subroto 342,Bandung,2021-11-09
SAT-0344,Alfamart Sudirman 343,Bandung,2023-02-16
SAT-0345,Alfamart Gatot Subroto 344,Jakarta,2023-02-21
SAT-0346,Alfamart Pahlawan 345,Semarang,2021-03-14
SAT-0347,Alfamart Gatot Subroto 346,Semarang,2021-08-22
SAT-0348,Alfamart Sudirman 347,Malang,2022-12-30
SAT-0349,Alfamart Sudirman 348,Semarang,2022-03-14
SAT-0350,Alfamart Sudirman 349,Bekasi,2021-05-23
SAT-0351,Alfamart Gatot Subroto 350,Bandung,2023-07-26
SAT-0352,Alfamart Sudirman 351,Bekasi,2022-12-19
SAT-0353,Alfamart Sudirman 352,Medan,2021-11-09
SAT-0354,Alfamart Melati 353,Bogor,2022-05-26
SAT-0355,Alfamart Diponegoro 354,Depok,2021-05-01
SAT-0356,Alfamart Diponegoro 355,Medan,2022-02-18
SAT-0357,Alfamart Melati 356,Bogor,2021-09-22
SAT-0358,Alfamart Sudirman 357,Bandung,2021-01-30
SAT-0359,Alfamart Sudirman 358,Bandung,2022-03-14
SAT-0360,Alfamart Diponegoro 359,Bogor,2023-02-24
SAT-0361,Alfamart Gatot Subroto 360,Malang,2022-05-28
SAT-0362,Alfamart Diponegoro 361,Bogor,2023-04-01
SAT-0363,Alfamart Pahlawan 362,Depok,2021-08-27
SAT-0364,Alfamart Pahlawan 363,Bekasi,2021-11-11
SAT-0365,Alfamart Sudirman 364,Semarang,2022-12-23
SAT-0366,Alfamart Gatot Subroto 365,Bekasi,2021-11-17
SAT-0367,Alfamart Pahlawan 366,Depok,2022-02-17
SAT-0368,Alfamart Gatot Subroto 367,Surabaya,2022-11-12
SAT-0369,Alfamart Diponegoro 368,Surabaya,2022-01-29
SAT-0370,Alfamart Melati 369,Medan,2021-04-20
SAT-0371,Alfamart Diponegoro 370,Jakarta,2022-05-17
SAT-0372,Alfamart Gatot Subroto 371,Bandung,2022-07-04
SAT-0373,Alfamart Sudirman 372,Bekasi,2021-10-13
SAT-0374,Alfamart Diponegoro 373,Bogor,2021-12-24
SAT-0375,Alfamart Gatot Subroto 374,Surabaya,2022-03-28
SAT-0376,Alfamart Pahlawan 375,Semarang,2023-02-09
SAT-0377,Alfamart Pahlawan 376,Bogor,2021-11-03
SAT-0378,Alfamart Melati 377,Depok,2021-05-12
SAT-0379,Alfamart Gatot Subroto 378,Tangerang,2021-08-05
SAT-0380,Alfamart Melati 379,Surabaya,2021-08-17
SAT-0381,Alfamart Gatot Subroto 380,Surabaya,2022-03-18
SAT-0382,Alfamart Pahlawan 381,Bekasi,2023-07-18
SAT-0383,Alfamart Diponegoro 382,Jakarta,2021-12-04
SAT-0384,Alfamart Melati 383,Semarang,2021-09-07
SAT-0385,Alfamart Gatot Subroto 384,Malang,2022-07-02
SAT-0386,Alfamart Melati 385,Bandung,2023-08-02
SAT-0387,Alfamart Gatot Subroto 386,Surabaya,2022-08-10
SAT-0388,Alfamart Gatot Subroto 387,Surabaya,2022-06-24
SAT-0389,Alfamart Pahlawan 388,Malang,2023-06-24
SAT-0390,Alfamart Diponegoro 389,Medan,2022-06-26
SAT-0391,Alfamart Gatot Subroto 390,Semarang,2023-01-16
SAT-0392,Alfamart Melati 391,Bogor,2022-04-18
SAT-0393,Alfamart Pahlawan 392,Jakarta,2022-12-02
SAT-0394,Alfamart Gatot Subroto 393,Depok,2021-09-11
SAT-0395,Alfamart Gatot Subroto 394,Malang,2022-06-16
SAT-0396,Alfamart Gatot Subroto 395,Jakarta,2023-02-27
SAT-0397,Alfamart Melati 396,Semarang,2022-03-01
SAT-0398,Alfamart Melati 397,Depok,2022-10-13
SAT-0399,Alfamart Melati 398,Tangerang,2023-02-06
SAT-0400,Alfamart Melati 399,Jakarta,2021-07-10
SAT-0401,Alfamart Sudirman 400,Tangerang,2023-02-20
SAT-0402,Alfamart Pahlawan 401,Surabaya,2022-11-12
SAT-0403,Alfamart Diponegoro 402,Bogor,2021-08-09
SAT-0404,Alfamart Melati 403,Malang,2021-07-11
SAT-0405,Alfamart Melati 404,Bekasi,2023-03-09
SAT-0406,Alfamart Pahlawan 405,Bogor,2021-12-28
SAT-0407,Alfamart Gatot Subroto 406,Medan,2022-01-02
SAT-0408,Alfamart Pahlawan 407,Malang,2022-10-15
SAT-0409,Alfamart Diponegoro 408,Surabaya,2021-09-22
SAT-0410,Alfamart Gatot Subroto 409,Tangerang,2023-08-25
SAT-0411,Alfamart Sudirman 410,Medan,2021-12-06
SAT-0412,Alfamart Melati 411,Semarang,2021-12-20
SAT-0413,Alfamart Melati 412,Surabaya,2021-10-28
SAT-0414,Alfamart Gatot Subroto 413,Bandung,2022-11-10
SAT-0415,Alfamart Diponegoro 414,Bekasi,2022-04-25
SAT-0416,Alfamart Pahlawan 415,Surabaya,2022-05-17
SAT-0417,Alfamart Gatot Subroto 416,Bandung,2023-01-20
SAT-0418,Alfamart Sudirman 417,Surabaya,2022-09-26
SAT-0419,Alfamart Pahlawan 418,Bogor,2022-09-07
SAT-0420,Alfamart Melati 419,Malang,2022-09-23
SAT-0421,Alfamart Sudirman 420,Depok,2021-10-01
SAT-0422,Alfamart Diponegoro 421,Tangerang,2021-07-18
SAT-0423,Alfamart Gatot Subroto 422,Medan,2023-04-01
SAT-0424,Alfamart Pahlawan 423,Medan,2022-10-26
SAT-0425,Alfamart Sudirman 424,Bandung,2023-03-28
SAT-0426,Alfamart Diponegoro 425,Bandung,2022-06-03
SAT-0427,Alfamart Sudirman 426,Surabaya,2021-08-02
SAT-0428,Alfamart Pahlawan 427,Jakarta,2022-07-23
SAT-0429,Alfamart Sudirman 428,Bekasi,2021-04-14
SAT-0430,Alfamart Pahlawan 429,Jakarta,2021-05-12
SAT-0431,Alfamart Diponegoro 430,Medan,2022-06-07
SAT-0432,Alfamart Melati 431,Semarang,2022-04-26
SAT-0433,Alfamart Sudirman 432,Semarang,2023-08-18
SAT-0434,Alfamart Sudirman 433,Bekasi,2021-02-17
SAT-0435,Alfamart Pahlawan 434,Bandung,2023-01-17
SAT-0436,Alfamart Melati 435,Medan,2021-08-17
SAT-0437,Alfamart Melati 436,Semarang,2022-07-22
SAT-0438,Alfamart Sudirman 437,Surabaya,2021-08-25
SAT-0439,Alfamart Gatot Subroto 438,Semarang,2022-07-11
SAT-0440,Alfamart Sudirman 439,Medan,2021-03-15
SAT-0441,Alfamart Sudirman 440,Tangerang,2023-04-15
SAT-0442,Alfamart Diponegoro 441,Jakarta,2021-10-08
SAT-0443,Alfamart Sudirman 442,Bogor,2022-07-30
SAT-0444,Alfamart Diponegoro 443,Surabaya,2022-02-05
SAT-0445,Alfamart Diponegoro 444,Jakarta,2023-09-09
SAT-0446,Alfamart Melati 445,Tangerang,2023-02-19
SAT-0447,Alfamart Pahlawan 446,Malang,2021-09-20
SAT-0448,Alfamart Gatot Subroto 447,Tangerang,2022-05-20
SAT-0449,Alfamart Melati 448,Semarang,2022-03-01
SAT-0450,Alfamart Melati 449,Semarang,2021-07-14
SAT-0451,Alfamart Melati 450,Malang,2021-11-26
SAT-0452,Alfamart Melati 451,Medan,2021-10-01
SAT-0453,Alfamart Pahlawan 452,Malang,2022-06-04
SAT-0454,Alfamart Sudirman 453,Malang,2022-12-24
SAT-0455,Alfamart Sudirman 454,Tangerang,2021-04-01
SAT-0456,Alfamart Melati 455,Medan,2023-05-14
SAT-0457,Alfamart Diponegoro 456,Tangerang,2021-03-05
SAT-0458,Alfamart Sudirman 457,Bekasi,2021-06-28
SAT-0459,Alfamart Gatot Subroto 458,Bekasi,2021-06-11
SAT-0460,Alfamart Pahlawan 459,Medan,2021-08-20
SAT-0461,Alfamart Melati 460,Depok,2021-12-06
SAT-0462,Alfamart Melati 461,Surabaya,2021-06-22
SAT-0463,Alfamart Sudirman 462,Malang,2021-04-30
SAT-0464,Alfamart Diponegoro 463,Malang,2021-12-29
SAT-0465,Alfamart Gatot Subroto 464,Semarang,2023-09-05
SAT-0466,Alfamart Diponegoro 465,Semarang,2021-01-11
SAT-0467,Alfamart Gatot Subroto 466,Bekasi,2023-09-17
SAT-0468,Alfamart Pahlawan 467,Medan,2023-04-12
SAT-0469,Alfamart Melati 468,Medan,2023-03-17
SAT-0470,Alfamart Sudirman 469,Malang,2021-07-08
SAT-0471,Alfamart Melati 470,Bekasi,2021-04-04
SAT-0472,Alfamart Sudirman 471,Tangerang,2021-05-10
SAT-0473,Alfamart Diponegoro 472,Jakarta,2022-04-14
SAT-0474,Alfamart Melati 473,Depok,2023-07-16
SAT-0475,Alfamart Pahlawan 474,Depok,2023-02-13
SAT-0476,Alfamart Pahlawan 475,Bekasi,2022-03-16
SAT-0477,Alfamart Gatot Subroto 476,Medan,2023-06-25
SAT-0478,Alfamart Pahlawan 477,Malang,2022-11-16
SAT-0479,Alfamart Sudirman 478,Tangerang,2023-06-01
SAT-0480,Alfamart Diponegoro 479,Surabaya,2022-10-08
SAT-0481,Alfamart Diponegoro 480,Bogor,2021-04-26
SAT-0482,Alfamart Sudirman 481,Jakarta,2021-03-01
SAT-0483,Alfamart Melati 482,Bandung,2022-06-11
SAT-0484,Alfamart Gatot Subroto 483,Semarang,2022-09-25
SAT-0485,Alfamart Melati 484,Tangerang,2022-05-17
SAT-0486,Alfamart Gatot Subroto 485,Tangerang,2022-11-01
SAT-0487,Alfamart Melati 486,Medan,2021-07-31
SAT-0488,Alfamart Melati 487,Tangerang,2022-11-24
SAT-0489,Alfamart Melati 488,Medan,2021-04-09
SAT-0490,Alfamart Diponegoro 489,Jakarta,2023-06-11
SAT-0491,Alfamart Pahlawan 490,Jakarta,2021-06-22
SAT-0492,Alfamart Pahlawan 491,Surabaya,2021-01-28
SAT-0493,Alfamart Diponegoro 492,Semarang,2021-04-19
SAT-0494,Alfamart Diponegoro 493,Surabaya,2022-02-20
SAT-0495,Alfamart Gatot Subroto 494,Medan,2022-02-18
SAT-0496,Alfamart Sudirman 495,Bogor,2023-09-20
SAT-0497,Alfamart Gatot Subroto 496,Malang,2022-02-10
SAT-0498,Alfamart Gatot Subroto 497,Jakarta,2023-02-05
SAT-0499,Alfamart Sudirman 498,Medan,2021-08-28
SAT-0500,Alfamart Gatot Subroto 499,Bandung,2022-09-23
SAT-0501,Alfamart Diponegoro 500,Bekasi,2021-03-31
SAT-0502,Alfamart Diponegoro 501,Malang,2022-02-19
SAT-0503,Alfamart Melati 502,Semarang,2023-07-22
SAT-0504,Alfamart Gatot Subroto 503,Depok,2021-08-10
SAT-0505,Alfamart Melati 504,Malang,2021-09-07
SAT-0506,Alfamart Diponegoro 505,Jakarta,2023-06-14
SAT-0507,Alfamart Melati 506,Surabaya,2021-02-24
SAT-0508,Alfamart Gatot Subroto 507,Malang,2022-10-16
SAT-0509,Alfamart Sudirman 508,Bekasi,2022-04-11
SAT-0510,Alfamart Sudirman 509,Surabaya,2022-03-14
SAT-0511,Alfamart Melati 510,Semarang,2021-03-03
SAT-0512,Alfamart Gatot Subroto 511,Jakarta,2023-01-30
SAT-0513,Alfamart Gatot Subroto 512,Malang,2022-02-13
SAT-0514,Alfamart Sudirman 513,Medan,2021-05-24
SAT-0515,Alfamart Pahlawan 514,Medan,2023-07-08
SAT-0516,Alfamart Melati 515,Surabaya,2022-07-13
SAT-0517,Alfamart Diponegoro 516,Bekasi,2021-04-16
SAT-0518,Alfamart Melati 517,Semarang,2023-02-18
SAT-0519,Alfamart Pahlawan 518,Tangerang,2023-03-26
SAT-0520,Alfamart Pahlawan 519,Semarang,2021-04-26
SAT-0521,Alfamart Pahlawan 520,Medan,2023-02-11
SAT-0522,Alfamart Sudirman 521,Bandung,2022-09-08
SAT-0523,Alfamart Diponegoro 522,Malang,2021-02-15
SAT-0524,Alfamart Melati 523,Bandung,2022-12-13
SAT-0525,Alfamart Sudirman 524,Medan,2021-01-23
SAT-0526,Alfamart Gatot Subroto 525,Bandung,2021-11-04
SAT-0527,Alfamart Diponegoro 526,Bogor,2022-12-31
SAT-0528,Alfamart Gatot Subroto 527,Surabaya,2022-01-12
SAT-0529,Alfamart Sudirman 528,Medan,2021-03-03
SAT-0530,Alfamart Melati 529,Medan,2021-03-13
SAT-0531,Alfamart Sudirman 530,Tangerang,2023-02-05
SAT-0532,Alfamart Pahlawan 531,Bogor,2022-08-22
SAT-0533,Alfamart Pahlawan 532,Semarang,2023-05-06
SAT-0534,Alfamart Sudirman 533,Surabaya,2023-06-02
SAT-0535,Alfamart Sudirman 534,Depok,2021-03-25
SAT-0536,Alfamart Gatot Subroto 535,Bogor,2022-05-20
SAT-0537,Alfamart Diponegoro 536,Jakarta,2021-05-24
SAT-0538,Alfamart Sudirman 537,Bogor,2023-03-19
SAT-0539,Alfamart Melati 538,Tangerang,2021-06-02
SAT-0540,Alfamart Melati 539,Tangerang,2023-03-11
SAT-0541,Alfamart Sudirman 540,Bogor,2021-10-14
SAT-0542,Alfamart Diponegoro 541,Tangerang,2023-02-11
SAT-0543,Alfamart Sudirman 542,Medan,2022-06-17
SAT-0544,Alfamart Sudirman 543,Tangerang,2022-11-08
SAT-0545,Alfamart Pahlawan 544,Malang,2021-06-13
SAT-0546,Alfamart Diponegoro 545,Semarang,2022-01-28
SAT-0547,Alfamart Melati 546,Medan,2022-01-25
SAT-0548,Alfamart Sudirman 547,Bekasi,2023-01-09
SAT-0549,Alfamart Melati 548,Bekasi,2022-03-15
SAT-0550,Alfamart Melati 549,Depok,2022-09-20
SAT-0551,Alfamart Melati 550,Medan,2023-04-15
SAT-0552,Alfamart Pahlawan 551,Bandung,2022-03-12
SAT-0553,Alfamart Sudirman 552,Bekasi,2023-08-20
SAT-0554,Alfamart Pahlawan 553,Semarang,2021-07-23
SAT-0555,Alfamart Melati 554,Medan,2021-10-13
SAT-0556,Alfamart Melati 555,Surabaya,2023-08-30
SAT-0557,Alfamart Gatot Subroto 556,Medan,2021-10-29
SAT-0558,Alfamart Diponegoro 557,Malang,2022-05-20
SAT-0559,Alfamart Gatot Subroto 558,Bekasi,2021-08-27
SAT-0560,Alfamart Diponegoro 559,Malang,2023-04-14
SAT-0561,Alfamart Melati 560,Tangerang,2022-09-28
SAT-0562,Alfamart Gatot Subroto 561,Medan,2023-05-21
SAT-0563,Alfamart Diponegoro 562,Bekasi,2021-05-29
SAT-0564,Alfamart Melati 563,Semarang,2022-02-02
SAT-0565,Alfamart Sudirman 564,Bekasi,2022-02-22
SAT-0566,Alfamart Melati 565,Bekasi,2021-07-16
SAT-0567,Alfamart Pahlawan 566,Depok,2021-08-13
SAT-0568,Alfamart Gatot Subroto 567,Surabaya,2021-11-10
SAT-0569,Alfamart Diponegoro 568,Bogor,2023-05-26
SAT-0570,Alfamart Gatot Subroto 569,Surabaya,2023-02-11
SAT-0571,Alfamart Pahlawan 570,Depok,2021-07-10
SAT-0572,Alfamart Pahlawan 571,Bogor,2022-07-14
SAT-0573,Alfamart Pahlawan 572,Bandung,2021-10-29
SAT-0574,Alfamart Gatot Subroto 573,Bekasi,2021-12-04
SAT-0575,Alfamart Sudirman 574,Depok,2022-02-07
SAT-0576,Alfamart Gatot Subroto 575,Malang,2023-05-16
SAT-0577,Alfamart Sudirman 576,Tangerang,2021-05-13
SAT-0578,Alfamart Melati 577,Surabaya,2023-02-04
SAT-0579,Alfamart Diponegoro 578,Jakarta,2023-03-06
SAT-0580,Alfamart Diponegoro 579,Tangerang,2022-07-18
SAT-0581,Alfamart Gatot Subroto 580,Medan,2022-11-11
SAT-0582,Alfamart Gatot Subroto 581,Tangerang,2022-10-30
SAT-0583,Alfamart Pahlawan 582,Jakarta,2022-06-07
SAT-0584,Alfamart Gatot Subroto 583,Malang,2022-06-02
SAT-0585,Alfamart Gatot Subroto 584,Bogor,2023-01-12
SAT-0586,Alfamart Sudirman 585,Depok,2022-05-17
SAT-0587,Alfamart Melati 586,Depok,2021-12-17
SAT-0588,Alfamart Pahlawan 587,Depok,2021-12-31
SAT-0589,Alfamart Diponegoro 588,Semarang,2021-03-30
SAT-0590,Alfamart Sudirman 589,Depok,2022-08-18
SAT-0591,Alfamart Diponegoro 590,Tangerang,2023-07-05
SAT-0592,Alfamart Diponegoro 591,Bandung,2021-08-10
SAT-0593,Alfamart Gatot Subroto 592,Surabaya,2022-02-11
SAT-0594,Alfamart Gatot Subroto 593,Tangerang,2021-07-17
SAT-0595,Alfamart Sudirman 594,Surabaya,2021-12-25
SAT-0596,Alfamart Diponegoro 595,Bekasi,2023-06-26
SAT-0597,Alfamart Pahlawan 596,Depok,2023-02-21
SAT-0598,Alfamart Sudirman 597,Surabaya,2022-07-15
SAT-0599,Alfamart Diponegoro 598,Semarang,2023-03-13
SAT-0600,Alfamart Melati 599,Medan,2022-06-03
SAT-0601,Alfamart Gatot Subroto 600,Bogor,2022-01-08
SAT-0602,Alfamart Diponegoro 601,Depok,2022-05-07
SAT-0603,Alfamart Pahlawan 602,Jakarta,2022-06-01
SAT-0604,Alfamart Melati 603,Bekasi,2021-05-03
SAT-0605,Alfamart Pahlawan 604,Bekasi,2021-12-25
SAT-0606,Alfamart Pahlawan 605,Bekasi,2023-09-18
SAT-0607,Alfamart Diponegoro 606,Bandung,2021-04-30
SAT-0608,Alfamart Diponegoro 607,Bogor,2023-06-11
SAT-0609,Alfamart Pahlawan 608,Semarang,2022-09-14
SAT-0610,Alfamart Gatot Subroto 609,Depok,2021-03-19
SAT-0611,Alfamart Sudirman 610,Surabaya,2021-04-11
SAT-0612,Alfamart Melati 611,Bogor,2021-09-27
SAT-0613,Alfamart Pahlawan 612,Malang,2023-09-03
SAT-0614,Alfamart Diponegoro 613,Tangerang,2023-08-08
SAT-0615,Alfamart Pahlawan 614,Bogor,2022-11-04
SAT-0616,Alfamart Sudirman 615,Medan,2022-09-10
SAT-0617,Alfamart Melati 616,Jakarta,2021-08-31
SAT-0618,Alfamart Gatot Subroto 617,Depok,2022-05-24
SAT-0619,Alfamart Sudirman 618,Medan,2021-06-10
SAT-0620,Alfamart Sudirman 619,Malang,2022-06-22
SAT-0621,Alfamart Diponegoro 620,Bandung,2022-07-06
SAT-0622,Alfamart Diponegoro 621,Medan,2022-06-16
SAT-0623,Alfamart Gatot Subroto 622,Depok,2021-06-22
SAT-0624,Alfamart Pahlawan 623,Bekasi,2022-03-23
SAT-0625,Alfamart Sudirman 624,Bandung,2022-04-05
SAT-0626,Alfamart Sudirman 625,Bekasi,2022-07-28
SAT-0627,Alfamart Melati 626,Malang,2022-12-20
SAT-0628,Alfamart Melati 627,Tangerang,2022-07-04
SAT-0629,Alfamart Pahlawan 628,Semarang,2023-04-15
SAT-0630,Alfamart Sudirman 629,Bekasi,2022-12-16
SAT-0631,Alfamart Diponegoro 630,Depok,2022-11-18
SAT-0632,Alfamart Melati 631,Jakarta,2023-09-25
SAT-0633,Alfamart Melati 632,Medan,2021-12-04
SAT-0634,Alfamart Melati 633,Malang,2022-03-18
SAT-0635,Alfamart Pahlawan 634,Depok,2021-12-06
SAT-0636,Alfamart Sudirman 635,Bekasi,2022-01-29
SAT-0637,Alfamart Diponegoro 636,Medan,2022-06-13
SAT-0638,Alfamart Pahlawan 637,Depok,2021-12-31
SAT-0639,Alfamart Gatot Subroto 638,Semarang,2021-05-14
SAT-0640,Alfamart Gatot Subroto 639,Bogor,2023-01-09
SAT-0641,Alfamart Diponegoro 640,Bekasi,2021-12-16
SAT-0642,Alfamart Gatot Subroto 641,Bogor,2022-06-07
SAT-0643,Alfamart Gatot Subroto 642,Bogor,2021-05-18
SAT-0644,Alfamart Melati 643,Tangerang,2021-08-29
SAT-0645,Alfamart Gatot Subroto 644,Surabaya,2021-01-18
SAT-0646,Alfamart Melati 645,Bogor,2022-11-13
SAT-0647,Alfamart Pahlawan 646,Tangerang,2022-05-15
SAT-0648,Alfamart Sudirman 647,Malang,2021-12-09
SAT-0649,Alfamart Melati 648,Medan,2022-01-16
SAT-0650,Alfamart Pahlawan 649,Tangerang,2022-12-24
SAT-0651,Alfamart Melati 650,Jakarta,2022-01-29
SAT-0652,Alfamart Sudirman 651,Bogor,2023-06-13
SAT-0653,Alfamart Pahlawan 652,Medan,2022-12-03
SAT-0654,Alfamart Pahlawan 653,Bandung,2023-01-29
SAT-0655,Alfamart Diponegoro 654,Bogor,2021-12-26
SAT-0656,Alfamart Gatot Subroto 655,Bogor,2021-08-31
SAT-0657,Alfamart Pahlawan 656,Jakarta,2021-12-12
SAT-0658,Alfamart Pahlawan 657,Malang,2022-12-31
SAT-0659,Alfamart Sudirman 658,Tangerang,2021-06-13
SAT-0660,Alfamart Gatot Subroto 659,Malang,2023-08-18
SAT-0661,Alfamart Diponegoro 660,Bandung,2022-04-28
SAT-0662,Alfamart Pahlawan 661,Tangerang,2021-06-21
SAT-0663,Alfamart Pahlawan 662,Semarang,2023-08-06
SAT-0664,Alfamart Gatot Subroto 663,Depok,2023-04-30
SAT-0665,Alfamart Melati 664,Bekasi,2022-06-22
SAT-0666,Alfamart Sudirman 665,Malang,2022-05-23
SAT-0667,Alfamart Diponegoro 666,Bogor,2022-06-08
SAT-0668,Alfamart Gatot Subroto 667,Bandung,2022-05-18
SAT-0669,Alfamart Sudirman 668,Semarang,2021-05-05
SAT-0670,Alfamart Gatot Subroto 669,Bekasi,2023-01-27
SAT-0671,Alfamart Gatot Subroto 670,Semarang,2021-07-02
SAT-0672,Alfamart Melati 671,Medan,2023-02-01
SAT-0673,Alfamart Diponegoro 672,Surabaya,2023-09-16
SAT-0674,Alfamart Pahlawan 673,Medan,2023-08-06
SAT-0675,Alfamart Diponegoro 674,Depok,2021-08-22
SAT-0676,Alfamart Gatot Subroto 675,Medan,2021-06-29
SAT-0677,Alfamart Diponegoro 676,Malang,2021-06-15
SAT-0678,Alfamart Pahlawan 677,Medan,2022-10-17
SAT-0679,Alfamart Gatot Subroto 678,Jakarta,2022-02-05
SAT-0680,Alfamart Pahlawan 679,Semarang,2021-05-28
SAT-0681,Alfamart Diponegoro 680,Bandung,2022-12-08
SAT-0682,Alfamart Gatot Subroto 681,Bekasi,2022-09-11
SAT-0683,Alfamart Sudirman 682,Bekasi,2022-01-20
SAT-0684,Alfamart Gatot Subroto 683,Tangerang,2021-07-04
SAT-0685,Alfamart Gatot Subroto 684,Depok,2021-07-27
SAT-0686,Alfamart Gatot Subroto 685,Tangerang,2021-03-05
SAT-0687,Alfamart Melati 686,Bandung,2022-06-14
SAT-0688,Alfamart Melati 687,Jakarta,2021-09-20
SAT-0689,Alfamart Sudirman 688,Semarang,2023-07-14
SAT-0690,Alfamart Pahlawan 689,Semarang,2021-01-15
SAT-0691,Alfamart Sudirman 690,Jakarta,2022-01-21
SAT-0692,Alfamart Gatot Subroto 691,Bekasi,2021-02-19
SAT-0693,Alfamart Sudirman 692,Medan,2022-05-12
SAT-0694,Alfamart Pahlawan 693,Semarang,2022-01-06
SAT-0695,Alfamart Pahlawan 694,Depok,2021-05-05
SAT-0696,Alfamart Pahlawan 695,Bogor,2021-09-09
SAT-0697,Alfamart Gatot Subroto 696,Jakarta,2022-10-23
SAT-0698,Alfamart Melati 697,Bandung,2023-08-31
SAT-0699,Alfamart Diponegoro 698,Tangerang,2022-04-27
SAT-0700,Alfamart Diponegoro 699,Bekasi,2021-04-14
SAT-0701,Alfamart Melati 700,Medan,2023-08-25
SAT-0702,Alfamart Gatot Subroto 701,Jakarta,2021-01-27
SAT-0703,Alfamart Gatot Subroto 702,Bogor,2021-12-17
SAT-0704,Alfamart Pahlawan 703,Bekasi,2022-07-27
SAT-0705,Alfamart Gatot Subroto 704,Depok,2023-08-14
SAT-0706,Alfamart Diponegoro 705,Malang,2022-07-07
SAT-0707,Alfamart Melati 706,Jakarta,2022-10-29
SAT-0708,Alfamart Sudirman 707,Malang,2022-04-20
SAT-0709,Alfamart Pahlawan 708,Malang,2022-10-07
SAT-0710,Alfamart Diponegoro 709,Bandung,2023-03-13
SAT-0711,Alfamart Sudirman 710,Bekasi,2021-05-17
SAT-0712,Alfamart Melati 711,Semarang,2022-05-07
SAT-0713,Alfamart Melati 712,Depok,2021-06-10
SAT-0714,Alfamart Melati 713,Medan,2022-04-27
SAT-0715,Alfamart Melati 714,Semarang,2021-03-29
SAT-0716,Alfamart Melati 715,Surabaya,2022-09-09
SAT-0717,Alfamart Diponegoro 716,Malang,2023-08-12
SAT-0718,Alfamart Pahlawan 717,Semarang,2022-05-27
SAT-0719,Alfamart Diponegoro 718,Semarang,2021-07-27
SAT-0720,Alfamart Pahlawan 719,Surabaya,2022-11-24
SAT-0721,Alfamart Pahlawan 720,Tangerang,2022-12-13
SAT-0722,Alfamart Sudirman 721,Semarang,2022-08-09
SAT-0723,Alfamart Diponegoro 722,Malang,2023-04-09
SAT-0724,Alfamart Gatot Subroto 723,Jakarta,2022-05-08
SAT-0725,Alfamart Pahlawan 724,Depok,2021-10-24
SAT-0726,Alfamart Gatot Subroto 725,Tangerang,2021-01-14
SAT-0727,Alfamart Diponegoro 726,Malang,2021-03-13
SAT-0728,Alfamart Diponegoro 727,Semarang,2022-12-26
SAT-0729,Alfamart Melati 728,Jakarta,2023-04-05
SAT-0730,Alfamart Sudirman 729,Bogor,2022-02-17
SAT-0731,Alfamart Diponegoro 730,Depok,2021-02-15
SAT-0732,Alfamart Melati 731,Depok,2022-10-23
SAT-0733,Alfamart Pahlawan 732,Semarang,2021-07-23
SAT-0734,Alfamart Melati 733,Bogor,2021-06-03
SAT-0735,Alfamart Pahlawan 734,Bandung,2023-02-14
SAT-0736,Alfamart Sudirman 735,Medan,2022-03-04
SAT-0737,Alfamart Pahlawan 736,Jakarta,2022-08-09
SAT-0738,Alfamart Diponegoro 737,Malang,2021-09-30
SAT-0739,Alfamart Pahlawan 738,Bandung,2023-07-11
SAT-0740,Alfamart Gatot Subroto 739,Semarang,2021-01-16
SAT-0741,Alfamart Melati 740,Bandung,2022-08-10
SAT-0742,Alfamart Diponegoro 741,Malang,2021-06-10
SAT-0743,Alfamart Sudirman 742,Bogor,2021-08-26
SAT-0744,Alfamart Melati 743,Bogor,2022-02-28
SAT-0745,Alfamart Sudirman 744,Tangerang,2022-07-21
SAT-0746,Alfamart Diponegoro 745,Bandung,2022-02-08
SAT-0747,Alfamart Pahlawan 746,Bogor,2023-07-03
SAT-0748,Alfamart Melati 747,Bogor,2023-09-21
SAT-0749,Alfamart Pahlawan 748,Bandung,2021-08-22
SAT-0750,Alfamart Melati 749,Jakarta,2023-02-22
SAT-0751,Alfamart Melati 750,Medan,2023-09-25
SAT-0752,Alfamart Diponegoro 751,Tangerang,2021-10-22
SAT-0753,Alfamart Diponegoro 752,Malang,2021-10-23
SAT-0754,Alfamart Diponegoro 753,Surabaya,2021-03-14
SAT-0755,Alfamart Diponegoro 754,Malang,2022-10-03
SAT-0756,Alfamart Sudirman 755,Malang,2021-07-26
SAT-0757,Alfamart Gatot Subroto 756,Surabaya,2022-03-12
SAT-0758,Alfamart Gatot Subroto 757,Bandung,2022-06-19
SAT-0759,Alfamart Gatot Subroto 758,Bogor,2021-07-01
SAT-0760,Alfamart Pahlawan 759,Surabaya,2023-03-14
SAT-0761,Alfamart Pahlawan 760,Semarang,2023-04-01
SAT-0762,Alfamart Sudirman 761,Bogor,2023-04-11
SAT-0763,Alfamart Sudirman 762,Surabaya,2022-01-23
SAT-0764,Alfamart Melati 763,Malang,2022-01-13
SAT-0765,Alfamart Sudirman 764,Bandung,2023-04-04
SAT-0766,Alfamart Pahlawan 765,Depok,2023-03-28
SAT-0767,Alfamart Pahlawan 766,Tangerang,2021-07-18
SAT-0768,Alfamart Diponegoro 767,Bogor,2022-06-15
SAT-0769,Alfamart Pahlawan 768,Bandung,2021-02-23
SAT-0770,Alfamart Melati 769,Semarang,2023-06-11
SAT-0771,Alfamart Gatot Subroto 770,Jakarta,2022-10-23
SAT-0772,Alfamart Diponegoro 771,Bandung,2021-08-28
SAT-0773,Alfamart Melati 772,Medan,2022-08-10
SAT-0774,Alfamart Pahlawan 773,Semarang,2021-03-19
SAT-0775,Alfamart Sudirman 774,Surabaya,2021-05-31
SAT-0776,Alfamart Sudirman 775,Malang,2022-05-14
SAT-0777,Alfamart Pahlawan 776,Malang,2022-08-07
SAT-0778,Alfamart Pahlawan 777,Malang,2022-10-02
SAT-0779,Alfamart Sudirman 778,Depok,2022-08-22
SAT-0780,Alfamart Sudirman 779,Malang,2022-07-15
SAT-0781,Alfamart Sudirman 780,Tangerang,2022-11-25
SAT-0782,Alfamart Pahlawan 781,Tangerang,2022-07-13
SAT-0783,Alfamart Gatot Subroto 782,Bandung,2021-12-21
SAT-0784,Alfamart Pahlawan 783,Tangerang,2023-03-20
SAT-0785,Alfamart Melati 784,Jakarta,2023-09-05
SAT-0786,Alfamart Melati 785,Depok,2023-06-16
SAT-0787,Alfamart Gatot Subroto 786,Surabaya,2023-08-28
SAT-0788,Alfamart Gatot Subroto 787,Depok,2022-07-03
SAT-0789,Alfamart Gatot Subroto 788,Tangerang,2021-10-29
SAT-0790,Alfamart Diponegoro 789,Surabaya,2021-01-07
SAT-0791,Alfamart Melati 790,Bandung,2023-07-05
SAT-0792,Alfamart Diponegoro 791,Depok,2023-01-02
SAT-0793,Alfamart Melati 792,Bogor,2022-05-05
SAT-0794,Alfamart Diponegoro 793,Depok,2022-02-13
SAT-0795,Alfamart Diponegoro 794,Malang,2022-07-19
SAT-0796,Alfamart Pahlawan 795,Bandung,2022-08-21
SAT-0797,Alfamart Diponegoro 796,Malang,2021-10-21
SAT-0798,Alfamart Gatot Subroto 797,Medan,2021-08-31
SAT-0799,Alfamart Pahlawan 798,Semarang,2022-06-17
SAT-0800,Alfamart Pahlawan 799,Semarang,2023-09-07
SAT-0801,Alfamart Melati 800,Bandung,2022-02-19
SAT-0802,Alfamart Diponegoro 801,Tangerang,2023-06-30
SAT-0803,Alfamart Pahlawan 802,Surabaya,2023-07-04
SAT-0804,Alfamart Diponegoro 803,Medan,2022-07-27
SAT-0805,Alfamart Gatot Subroto 804,Depok,2022-09-08
SAT-0806,Alfamart Diponegoro 805,Bogor,2022-04-13
SAT-0807,Alfamart Gatot Subroto 806,Surabaya,2021-08-20
SAT-0808,Alfamart Diponegoro 807,Tangerang,2022-04-20
SAT-0809,Alfamart Melati 808,Medan,2023-01-29
SAT-0810,Alfamart Melati 809,Surabaya,2022-09-30
SAT-0811,Alfamart Gatot Subroto 810,Jakarta,2021-03-24
SAT-0812,Alfamart Gatot Subroto 811,Bandung,2021-05-08
SAT-0813,Alfamart Sudirman 812,Tangerang,2023-08-06
SAT-0814,Alfamart Diponegoro 813,Surabaya,2022-10-18
SAT-0815,Alfamart Melati 814,Malang,2021-09-02
SAT-0816,Alfamart Gatot Subroto 815,Depok,2022-06-03
SAT-0817,Alfamart Melati 816,Medan,2021-09-09
SAT-0818,Alfamart Diponegoro 817,Bekasi,2023-06-28
SAT-0819,Alfamart Pahlawan 818,Jakarta,2023-01-07
SAT-0820,Alfamart Sudirman 819,Surabaya,2023-07-23
SAT-0821,Alfamart Pahlawan 820,Medan,2023-02-20
SAT-0822,Alfamart Pahlawan 821,Bogor,2022-06-09
SAT-0823,Alfamart Diponegoro 822,Bogor,2022-01-31
SAT-0824,Alfamart Gatot Subroto 823,Depok,2023-07-25
SAT-0825,Alfamart Gatot Subroto 824,Semarang,2022-04-13
SAT-0826,Alfamart Melati 825,Medan,2022-11-25
SAT-0827,Alfamart Pahlawan 826,Depok,2021-03-07
SAT-0828,Alfamart Diponegoro 827,Depok,2023-08-23
SAT-0829,Alfamart Melati 828,Depok,2022-09-22
SAT-0830,Alfamart Pahlawan 829,Malang,2021-05-18
SAT-0831,Alfamart Sudirman 830,Bekasi,2022-12-29
SAT-0832,Alfamart Melati 831,Bekasi,2023-01-05
SAT-0833,Alfamart Melati 832,Bogor,2021-11-06
SAT-0834,Alfamart Melati 833,Semarang,2023-01-19
SAT-0835,Alfamart Diponegoro 834,Bekasi,2021-02-12
SAT-0836,Alfamart Melati 835,Bogor,2023-03-03
SAT-0837,Alfamart Pahlawan 836,Jakarta,2021-12-19
SAT-0838,Alfamart Melati 837,Jakarta,2022-02-25
SAT-0839,Alfamart Sudirman 838,Semarang,2021-03-09
SAT-0840,Alfamart Sudirman 839,Medan,2022-02-25
SAT-0841,Alfamart Sudirman 840,Tangerang,2021-02-14
SAT-0842,Alfamart Melati 841,Medan,2021-09-25
SAT-0843,Alfamart Gatot Subroto 842,Tangerang,2022-09-01
SAT-0844,Alfamart Pahlawan 843,Tangerang,2022-04-25
SAT-0845,Alfamart Sudirman 844,Medan,2021-12-05
SAT-0846,Alfamart Gatot Subroto 845,Medan,2022-03-30
SAT-0847,Alfamart Diponegoro 846,Jakarta,2021-06-23
SAT-0848,Alfamart Gatot Subroto 847,Tangerang,2021-07-13
SAT-0849,Alfamart Sudirman 848,Surabaya,2022-01-27
SAT-0850,Alfamart Pahlawan 849,Semarang,2021-04-06
SAT-0851,Alfamart Melati 850,Medan,2022-10-07
SAT-0852,Alfamart Pahlawan 851,Bogor,2022-11-16
SAT-0853,Alfamart Gatot Subroto 852,Bandung,2023-05-25
SAT-0854,Alfamart Gatot Subroto 853,Tangerang,2022-04-07
SAT-0855,Alfamart Diponegoro 854,Bogor,2023-03-29
SAT-0856,Alfamart Melati 855,Malang,2021-09-18
SAT-0857,Alfamart Gatot Subroto 856,Tangerang,2022-06-21
SAT-0858,Alfamart Diponegoro 857,Semarang,2023-04-03
SAT-0859,Alfamart Diponegoro 858,Malang,2021-02-08
SAT-0860,Alfamart Diponegoro 859,Surabaya,2021-02-21
SAT-0861,Alfamart Melati 860,Medan,2022-09-06
SAT-0862,Alfamart Sudirman 861,Medan,2022-03-18
SAT-0863,Alfamart Sudirman 862,Depok,2022-12-08
SAT-0864,Alfamart Sudirman 863,Bandung,2021-10-02
SAT-0865,Alfamart Melati 864,Depok,2021-03-23
SAT-0866,Alfamart Melati 865,Malang,2022-12-08
SAT-0867,Alfamart Pahlawan 866,Depok,2023-09-21
SAT-0868,Alfamart Gatot Subroto 867,Bandung,2021-09-16
SAT-0869,Alfamart Pahlawan 868,Malang,2023-02-13
SAT-0870,Alfamart Melati 869,Tangerang,2023-07-11
SAT-0871,Alfamart Melati 870,Bekasi,2023-01-27
SAT-0872,Alfamart Diponegoro 871,Tangerang,2022-05-24
SAT-0873,Alfamart Gatot Subroto 872,Semarang,2021-01-26
SAT-0874,Alfamart Diponegoro 873,Surabaya,2023-08-27
SAT-0875,Alfamart Melati 874,Bogor,2022-05-10
SAT-0876,Alfamart Pahlawan 875,Jakarta,2021-01-11
SAT-0877,Alfamart Pahlawan 876,Medan,2023-05-01
SAT-0878,Alfamart Pahlawan 877,Medan,2022-04-21
SAT-0879,Alfamart Sudirman 878,Jakarta,2022-08-23
SAT-0880,Alfamart Diponegoro 879,Surabaya,2022-03-10
SAT-0881,Alfamart Pahlawan 880,Surabaya,2022-09-05
SAT-0882,Alfamart Melati 881,Semarang,2022-08-14
SAT-0883,Alfamart Melati 882,Bekasi,2022-08-13
SAT-0884,Alfamart Gatot Subroto 883,Bekasi,2021-11-03
SAT-0885,Alfamart Melati 884,Depok,2023-07-17
SAT-0886,Alfamart Melati 885,Surabaya,2021-11-21
SAT-0887,Alfamart Melati 886,Malang,2021-02-19
SAT-0888,Alfamart Melati 887,Semarang,2022-09-28
SAT-0889,Alfamart Melati 888,Bandung,2022-01-24
SAT-0890,Alfamart Gatot Subroto 889,Medan,2023-09-02
SAT-0891,Alfamart Pahlawan 890,Bogor,2023-08-06
SAT-0892,Alfamart Gatot Subroto 891,Bekasi,2021-10-02
SAT-0893,Alfamart Gatot Subroto 892,Bogor,2021-01-15
SAT-0894,Alfamart Gatot Subroto 893,Bogor,2023-09-15
SAT-0895,Alfamart Sudirman 894,Jakarta,2021-02-01
SAT-0896,Alfamart Sudirman 895,Jakarta,2021-01-28
SAT-0897,Alfamart Diponegoro 896,Bogor,2023-03-26
SAT-0898,Alfamart Gatot Subroto 897,Bogor,2022-08-28
SAT-0899,Alfamart Pahlawan 898,Bandung,2022-02-14
SAT-0900,Alfamart Sudirman 899,Surabaya,2022-07-03
SAT-0901,Alfamart Sudirman 900,Malang,2023-08-09
SAT-0902,Alfamart Gatot Subroto 901,Surabaya,2021-04-14
SAT-0903,Alfamart Melati 902,Bekasi,2022-01-04
SAT-0904,Alfamart Pahlawan 903,Bandung,2022-04-14
SAT-0905,Alfamart Pahlawan 904,Jakarta,2021-08-15
SAT-0906,Alfamart Pahlawan 905,Surabaya,2022-10-21
SAT-0907,Alfamart Pahlawan 906,Tangerang,2021-03-01
SAT-0908,Alfamart Diponegoro 907,Semarang,2021-09-23
SAT-0909,Alfamart Pahlawan 908,Jakarta,2021-07-18
SAT-0910,Alfamart Pahlawan 909,Malang,2022-04-03
SAT-0911,Alfamart Sudirman 910,Bekasi,2021-06-19
SAT-0912,Alfamart Pahlawan 911,Tangerang,2022-02-02
SAT-0913,Alfamart Gatot Subroto 912,Depok,2022-04-06
SAT-0914,Alfamart Diponegoro 913,Surabaya,2022-10-25
SAT-0915,Alfamart Diponegoro 914,Depok,2022-11-03
SAT-0916,Alfamart Diponegoro 915,Bandung,2021-01-17
SAT-0917,Alfamart Melati 916,Bekasi,2023-03-13
SAT-0918,Alfamart Gatot Subroto 917,Bogor,2023-06-10
SAT-0919,Alfamart Melati 918,Bekasi,2023-05-14
SAT-0920,Alfamart Melati 919,Semarang,2021-04-25
SAT-0921,Alfamart Melati 920,Semarang,2023-06-10
SAT-0922,Alfamart Sudirman 921,Surabaya,2023-02-03
SAT-0923,Alfamart Pahlawan 922,Bandung,2022-06-25
SAT-0924,Alfamart Sudirman 923,Medan,2023-09-07
SAT-0925,Alfamart Diponegoro 924,Medan,2023-05-03
SAT-0926,Alfamart Sudirman 925,Surabaya,2023-09-05
SAT-0927,Alfamart Diponegoro 926,Bandung,2023-04-23
SAT-0928,Alfamart Gatot Subroto 927,Bekasi,2021-01-12
SAT-0929,Alfamart Melati 928,Medan,2022-06-06
SAT-0930,Alfamart Gatot Subroto 929,Depok,2022-01-10
SAT-0931,Alfamart Gatot Subroto 930,Semarang,2022-11-08
SAT-0932,Alfamart Pahlawan 931,Bandung,2021-06-14
SAT-0933,Alfamart Pahlawan 932,Medan,2021-05-24
SAT-0934,Alfamart Gatot Subroto 933,Depok,2021-06-12
SAT-0935,Alfamart Gatot Subroto 934,Bandung,2023-01-26
SAT-0936,Alfamart Sudirman 935,Surabaya,2022-02-10
SAT-0937,Alfamart Diponegoro 936,Bogor,2023-03-07
SAT-0938,Alfamart Gatot Subroto 937,Medan,2023-06-10
SAT-0939,Alfamart Melati 938,Bandung,2022-06-28
SAT-0940,Alfamart Diponegoro 939,Malang,2021-10-19
SAT-0941,Alfamart Gatot Subroto 940,Semarang,2023-02-27
SAT-0942,Alfamart Diponegoro 941,Semarang,2022-03-14
SAT-0943,Alfamart Pahlawan 942,Jakarta,2022-10-08
SAT-0944,Alfamart Sudirman 943,Tangerang,2021-01-11
SAT-0945,Alfamart Diponegoro 944,Medan,2021-02-06
SAT-0946,Alfamart Diponegoro 945,Malang,2023-05-07
SAT-0947,Alfamart Gatot Subroto 946,Surabaya,2022-03-01
SAT-0948,Alfamart Pahlawan 947,Bandung,2022-09-05
SAT-0949,Alfamart Pahlawan 948,Medan,2021-07-21
SAT-0950,Alfamart Melati 949,Depok,2023-07-04
SAT-0951,Alfamart Melati 950,Bekasi,2021-01-07
SAT-0952,Alfamart Gatot Subroto 951,Depok,2021-11-23
SAT-0953,Alfamart Sudirman 952,Bogor,2021-02-21
SAT-0954,Alfamart Diponegoro 953,Surabaya,2023-09-10
SAT-0955,Alfamart Sudirman 954,Jakarta,2023-05-15
SAT-0956,Alfamart Melati 955,Depok,2021-09-07
SAT-0957,Alfamart Sudirman 956,Malang,2022-02-04
SAT-0958,Alfamart Gatot Subroto 957,Semarang,2022-08-11
SAT-0959,Alfamart Pahlawan 958,Jakarta,2021-01-10
SAT-0960,Alfamart Gatot Subroto 959,Malang,2021-02-21
SAT-0961,Alfamart Gatot Subroto 960,Medan,2021-10-21
SAT-0962,Alfamart Sudirman 961,Bekasi,2021-01-26
SAT-0963,Alfamart Diponegoro 962,Bekasi,2022-02-18
SAT-0964,Alfamart Pahlawan 963,Bandung,2022-03-09
SAT-0965,Alfamart Pahlawan 964,Depok,2022-08-21
SAT-0966,Alfamart Gatot Subroto 965,Surabaya,2023-01-03
SAT-0967,Alfamart Pahlawan 966,Semarang,2021-11-14
SAT-0968,Alfamart Melati 967,Tangerang,2022-06-05
SAT-0969,Alfamart Pahlawan 968,Tangerang,2021-02-08
SAT-0970,Alfamart Pahlawan 969,Depok,2023-04-08
SAT-0971,Alfamart Melati 970,Bandung,2022-10-24
SAT-0972,Alfamart Melati 971,Bandung,2022-12-01
SAT-0973,Alfamart Gatot Subroto 972,Depok,2022-03-07
SAT-0974,Alfamart Sudirman 973,Medan,2022-08-01
SAT-0975,Alfamart Gatot Subroto 974,Surabaya,2023-07-20
SAT-0976,Alfamart Sudirman 975,Bekasi,2022-06-16
SAT-0977,Alfamart Gatot Subroto 976,Surabaya,2023-08-08
SAT-0978,Alfamart Sudirman 977,Malang,2021-03-23
SAT-0979,Alfamart Gatot Subroto 978,Bekasi,2023-07-15
SAT-0980,Alfamart Melati 979,Surabaya,2023-06-30
SAT-0981,Alfamart Sudirman 980,Jakarta,2022-12-30
SAT-0982,Alfamart Gatot Subroto 981,Malang,2023-08-07
SAT-0983,Alfamart Gatot Subroto 982,Malang,2022-06-16
SAT-0984,Alfamart Pahlawan 983,Bandung,2021-01-22
SAT-0985,Alfamart Gatot Subroto 984,Malang,2021-03-04
SAT-0986,Alfamart Sudirman 985,Jakarta,2023-03-02
SAT-0987,Alfamart Diponegoro 986,Malang,2022-03-16
SAT-0988,Alfamart Gatot Subroto 987,Bogor,2021-03-12
SAT-0989,Alfamart Sudirman 988,Jakarta,2023-03-23
SAT-0990,Alfamart Sudirman 989,Medan,2022-04-29
SAT-0991,Alfamart Gatot Subroto 990,Bandung,2022-07-06
SAT-0992,Alfamart Sudirman 991,Malang,2021-10-23
SAT-0993,Alfamart Gatot Subroto 992,Bandung,2021-02-06
SAT-0994,Alfamart Diponegoro 993,Tangerang,2022-02-08
SAT-0995,Alfamart Melati 994,Bekasi,2021-03-16
SAT-0996,Alfamart Melati 995,Semarang,2023-03-19
SAT-0997,Alfamart Sudirman 996,Bogor,2021-05-05
SAT-0998,Alfamart Gatot Subroto 997,Medan,2021-11-25
SAT-0999,Alfamart Melati 998,Surabaya,2023-09-27
SAT-1000,Alfamart Melati 999,Bandung,2022-08-11
